name	employer
U21881	lsst
U21881	ncsa
U21881	national center for supercomputing applications
U21881	grace community church champaign il
U8046	wolfram research
U8046	small fry web works
U15683	salt and light
U14561	busey bank
U15499	breeze sun technologies
U15499	national mortgage lender
U2124	sigma aldrich
U2124	mueller company ltd
U2124	ymca of rockies
U2155	pgav planners
U2177	life on vine
U2177	google
U2177	north park theological seminary
U2177	personalcare hmo
U2177	caterpillar inc.
U12490	capsher technology inc.
U14483	pastor-to-pastor initiatives
U10043	cdw
U12475	webank spa
U12475	universit&#xe0; degli studi di milano-bicocca
U12475	generali
U8018	keller williams realty champaign il
U8018	champaign county crime stoppers
U2884	expressjet airlines
U2884	texas a&amp;m university
U2884	comfort suites hotel
U2889	sungard global services
U2889	texas engineering extension services (teex)
U2889	arctic wolf ice center
U2889	newfield exploration
U2889	wildewood baptist church
U14543	villiage market iga inc.
U14543	village market iga inc.
U14543	supervalu
U21831	biomarin pharmaceutical inc.
U21831	private biotechnology company
U21831	dophen biomed
U21831	lawrence berkeley national laboratory
U21831	university of illinois at urbana-champaign
U12509	bp
U12509	welltec
U12509	texas a&amp;m university
U12509	arthur andersen (now kpmg services)
U14576	simply sara clothing
U14576	national city mortgage
U21846	diablo country club
U11827	cambridge health alliance
U2904	capsher technology
U2904	blogtalkradio &amp; cinchcast
U2904	texas a&amp;m university system headquarters
U2904	texas a&amp;m university at qatar
U12496	costa farms
U12496	j&amp;c tropicals
U12496	cardif services inc. a bnp paribas company
U12496	jmj capital group llc
U8048	news-gazette media group
U8048	mahomet public library
U21869	google
U21869	columbia missourian
U13035	robeson's inc.
U6006	thomas hanlon communications
U2110	champaign unit 4 schools
U12474	ronald blue &amp; co.
U12474	greystone communities inc.
U12474	deloitte &amp; touche
U12474	national financial partners
U21829	university of illinois at urbana-champaign
U21847	equine lead llc
U21847	fetch! pet care
U21822	delphix
U2981	still creek ranch
U2981	davila middle school
U12508	petco animal supplies inc.
U12508	ppd
U12508	infection prevention and management associates
U12508	texas department of state health services
U12508	houston country club
U12508	baylor college of medicine
U12508	st.luke's episcopal hospital
U12508	texas children's hospital
U14546	hl precision machining inc.
U14546	mettler center; self-employed
U14546	body evolve studios
U14546	elite foglia ymca lincolnshire tennis club et al
U14546	allstate
U2964	united recovery systems lp
U2964	kohl's department store
U10060	ncsa uiuc
U21859	frances nelson health center
U12466	texas a&amp;m university
U12466	lifeway ridgecrest conference center
U12466	lifeway glorieta conference center
U21954	northern seminary
U21954	life on vine
U21954	trinity international university
U7982	re max realty associates
U8070	american family insurance
U8070	chuck rippy agency country financial
U8070	country financial&#xae;
U14555	breaking ground
U14555	discipling for development
U14555	goso organization
U14555	tearfund
U14555	navigators
U14555	mosanto asgrow
U14555	purdue university
U2170	lectrosonics
U2170	praxsym
U2170	university of illinois urbana-champaign
U14479	vineyard ministries central mexico
U5977	vineyard church of champaign-urbana il
U2112	mit lincoln laboratory
U2112	caterpillar inc.
U2112	university of illinois at urbana-champaign
U2920	ewmi
U8893	keller williams realty
U12503	newpark resources inc
U12503	national oilwell varco
U12503	texas a&amp;m tees
U12503	trane air conditioning
U10076	st. john - mittelhauser &amp; associates
U10076	argonne national laboratory
U10076	midas international
U10076	follett higher education group
U10076	scholastic book fairs
U10076	world relief dupage aurora
U10076	personalcare health management inc.
U12465	google
U12465	castille consulting
U12465	texas a&m university
U2102	share horse rescue
U2102	rccsec
U8003	tech spec home inspection service inc.
U8003	doehring home improvements
U8003	misubishi motors manufacturing of america
U8003	conrady construction inc
U12472	nano3d biosciences
U12472	bcm tch
U12472	bethyl laboratories inc.
U10048	prominic.net inc.
U12471	google inc
U12471	health touch physical therapy
U12471	west virginia wesleyan college
U3014	e3 partners ministry
U2992	google
U12489	agrilogic insurance services llc
U7983	keller williams-inskip realtyteam
U7983	keller williams realty
U7983	rector property management
U2961	texas mutual insurance company
U2961	texas windstorm insurance association
U2961	state farm insurance co 
U10077	semprius
U2917	texas a&amp;m university
U7976	coldwell banker honig-bell
U7976	bridle brook assited living and memory care
U7976	champaign county
U7976	bickford assisted living
U7976	center for women in transition
U7976	university of illinois police department
U14517	veterans health administration
U14517	university of illinois at urbana-champaign
U14517	health alliance medical plans
U14517	us army security agency
U14520	horizon hobby
U14520	chicago bridge and iron
U14520	gehl company
U14520	electrolux
U14520	woods equipment company
U14520	frantz manufacturing
U14520	caremark
U14520	abar-ipsen industries
U14520	sundstrand aviation company
U14559	pwc
U14559	illinois state university
U14559	state farm insurance
U14559	northwestern mutual
U14559	iga
U12512	bryan college station public library system (city of bryan)
U2180	riverbed technology
U2180	luster software
U2180	health alliance medical plans
U2180	ral recoveries
U2180	personalcare
U6024	herschberger galerie
U2200	apple inc.
U14526	cunningham children's home
U12486	international education services
U12486	college station isd
U12486	church planting institute
U12486	sky ranch
U12535	brazos valley equine hospital
U7995	prudential snyder real estate
U21934	fellowship of christian athletes
U12539	daughter project
U12539	google
U2902	bryan research &amp; engineering
U2902	mary kay inc.
U2902	allen academy
U2902	ymca of rockies
U2902	knowledge based systems inc
U2959	charity dynamics
U2959	chick
U2959	hope pregnancy center
U2959	tj maxx
U2959	david&#x2019;s bridal
U21824	wayman company (wayco)
U2101	openbi llc
U2101	lobdell llc
U2101	gorilla
U2101	lrs consulting services
U2101	health alliance medical plans
U2101	university of illinois at urbana-champaign
U2101	willtek communications gmbh
U2101	agilent technologies
U8068	branson chiropractic and nutrition
U2937	st. andrew united methodist church plano tx
U2888	property management unlimited
U2888	kim humphries &amp; associates
U2888	little women cleaning
U2888	operation mobilization
U2888	where three roads meet
U2888	law offices of john meazell
U2923	bigcommerce
U2923	wells fargo bank
U2923	google
U2923	texas a&amp;m university
U2923	ozark industries inc.
U15466	re max realty associates
U14566	faa
U14548	vineyard church northwest
U14548	vineyard usa
U2907	dallas theological seminary
U2907	1042 church
U2907	dr. lawn
U21839	illinois natural history survey
U21839	university of illinois at urbana-champaign
U7989	prairie winds of urbana
U7989	wolfram research
U7989	news-gazette inc
U7989	university inn
